timestamp,cpu_pct,mem_pct,bytes_sent,bytes_recv
2026-09-10T12:02:00.752365,6.0,18.1,5286736270,3060062490
2026-09-10T12:02:01.756687,8.4,18.2,5286743672,3060068649
2026-09-10T12:02:02.760998,8.3,18.2,5286746590,3060070258
2026-09-10T12:02:03.762297,8.7,18.1,5286749470,3060071895
2026-09-10T12:02:04.764017,7.4,18.2,5286752520,3060073477
2026-09-10T12:02:05.768970,8.0,18.2,5286762808,3060078969
2026-09-10T12:02:06.771959,9.4,18.2,5286781767,3060091079
2026-09-10T12:02:07.773311,8.8,18.2,5286816740,3060114234
2026-09-10T12:02:08.776376,9.3,18.2,5286882850,3060155365
2026-09-10T12:02:09.781052,9.7,18.1,5286978130,3060214389
2026-09-10T12:02:10.782872,9.8,18.2,5287033983,3060249985
2026-09-10T12:02:11.789063,9.6,18.2,5287277019,3060401111
2026-09-10T12:02:12.790550,8.0,18.1,5287562467,3060579520
2026-09-10T12:02:13.792014,8.7,18.2,5287748917,3060708075
2026-09-10T12:02:14.797118,11.2,18.2,5288366296,3061080301
2026-09-10T12:02:15.801182,11.2,18.2,5289051884,3061507418
2026-09-10T12:02:16.802584,10.2,18.1,5289284905,3061653451
2026-09-10T12:02:17.804791,10.5,18.1,5290025954,3062140181
2026-09-10T12:02:18.806611,10.2,18.2,5291020562,3062734774
2026-09-10T12:02:19.809166,9.4,18.1,5292282982,3063548683
2026-09-10T12:02:20.810991,10.2,18.2,5293180220,3064083000
2026-09-10T12:02:21.812470,10.5,18.1,5294052206,3064625854
2026-09-10T12:02:22.814455,11.3,18.1,5294821995,3065103716
2026-09-10T12:02:23.817313,11.3,18.2,5296354494,3066079058
2026-09-10T12:02:24.820442,10.7,18.2,5297297219,3066631523
2026-09-10T12:02:25.822315,10.4,18.2,5298081935,3067116027
2026-09-10T12:02:26.823538,10.5,18.1,5298750833,3067530458
2026-09-10T12:02:27.825064,10.6,18.2,5299647182,3068085096
2026-09-10T12:02:28.826398,10.4,18.0,5300893841,3068858220
2026-09-10T12:02:29.829118,12.2,18.0,5302225139,3069688155
2026-09-10T12:02:30.830413,10.4,18.1,5302984605,3070158148
2026-09-10T12:02:31.833362,13.1,18.1,5304099703,3070850623
2026-09-10T12:02:32.835369,12.7,18.1,5305157852,3071506086
2026-09-10T12:02:33.838540,11.9,18.1,5306632581,3072417379
2026-09-10T12:02:34.842792,11.6,18.2,5307556935,3072989564
2026-09-10T12:02:35.844295,10.6,18.2,5308361069,3073486132
2026-09-10T12:02:36.845892,11.5,18.2,5309887223,3074430098
2026-09-10T12:02:37.849407,10.1,18.2,5310717910,3074941467
2026-09-10T12:02:38.851177,12.5,18.2,5312250886,3075888862
2026-09-10T12:02:39.853438,11.3,18.2,5313536311,3076681183
2026-09-10T12:02:40.854828,9.1,18.2,5314666132,3077384052
2026-09-10T12:02:41.856999,10.4,18.1,5315809391,3078090537
2026-09-10T12:02:42.858227,11.0,18.2,5317286913,3079011396
2026-09-10T12:02:43.861191,11.1,18.1,5318435854,3079722445
2026-09-10T12:02:44.865371,10.1,18.2,5319271917,3080242897
2026-09-10T12:02:45.869526,11.8,18.2,5320789257,3081176578
2026-09-10T12:02:46.871351,11.8,18.2,5321932610,3081883616
2026-09-10T12:02:47.889619,12.0,18.1,5323438015,3082812878
2026-09-10T12:02:48.890976,11.6,18.2,5324604641,3083534521
2026-09-10T12:02:49.892393,12.0,18.2,5326149186,3084486835
2026-09-10T12:02:50.897849,11.1,18.2,5327210646,3085140575
2026-09-10T12:02:51.899416,12.9,18.1,5328143660,3085715905
2026-09-10T12:02:52.905616,11.2,18.2,5329671641,3086659601
2026-09-10T12:02:53.907058,10.2,18.2,5330017300,3086875763
2026-09-10T12:02:54.908528,11.1,18.1,5331397609,3087726216
2026-09-10T12:02:55.913378,11.0,18.1,5332549797,3088438830
2026-09-10T12:02:56.915799,11.2,18.1,5333856037,3089242307
2026-09-10T12:02:57.917254,10.1,18.1,5335521299,3090267937
2026-09-10T12:02:58.919881,10.2,18.2,5335744332,3090404771
2026-09-10T12:02:59.921427,11.9,18.2,5337533831,3091538123
2026-09-10T12:03:00.922759,11.9,18.1,5338433828,3092095561
2026-09-10T12:03:01.924778,11.1,18.2,5339393997,3092662579
2026-09-10T12:03:02.928445,11.9,18.1,5340537857,3093374788
2026-09-10T12:03:03.930231,9.7,18.1,5342345746,3094494455
2026-09-10T12:03:04.933800,9.5,18.1,5343038901,3094924306
2026-09-10T12:03:05.935335,12.4,18.1,5343996163,3095518229
2026-09-10T12:03:06.936635,12.3,18.2,5345721805,3096588021
2026-09-10T12:03:07.941829,13.0,18.2,5346554385,3097099702
2026-09-10T12:03:08.943492,12.1,18.1,5348295572,3098177344
2026-09-10T12:03:09.945876,11.6,18.2,5349602448,3098995522
2026-09-10T12:03:10.951579,12.3,18.2,5350844388,3099757007
2026-09-10T12:03:11.953608,11.6,18.2,5351950540,3100446446
2026-09-10T12:03:12.956306,11.3,18.2,5352796832,3100999974
2026-09-10T12:03:13.957850,10.9,18.2,5354172793,3101827453
2026-09-10T12:03:14.958977,11.8,18.2,5355301310,3102534237
2026-09-10T12:03:15.960413,11.9,18.2,5356448442,3103237525
2026-09-10T12:03:16.961814,11.3,18.2,5357465548,3103864323
2026-09-10T12:03:17.963242,10.8,18.2,5357661988,3103985794
2026-09-10T12:03:18.964471,10.5,18.2,5357746885,3104038216
2026-09-10T12:03:19.966463,10.7,18.2,5358544146,3104528763
2026-09-10T12:03:20.968343,11.4,18.2,5359664703,3105223636
2026-09-10T12:03:21.970140,11.4,18.2,5359756926,3105281398
2026-09-10T12:03:22.971430,11.5,18.2,5359863080,3105346738
2026-09-10T12:03:23.972768,12.4,18.2,5359985863,3105419520
2026-09-10T12:03:24.975507,9.7,18.2,5360079329,3105477167
2026-09-10T12:03:25.978062,10.9,18.2,5360182898,3105534947
2026-09-10T12:03:26.981110,11.7,18.2,5361463653,3106382390
2026-09-10T12:03:27.986059,11.2,18.2,5362936498,3107243334
2026-09-10T12:03:28.990073,12.1,18.2,5363763777,3107753305
2026-09-10T12:03:29.994106,11.0,18.1,5364800690,3108394993
2026-09-10T12:03:30.995647,11.3,18.2,5365754779,3108982343
2026-09-10T12:03:31.997531,12.3,18.2,5367133009,3109835113
2026-09-10T12:03:33.000665,10.8,18.2,5368382111,3110636698
2026-09-10T12:03:34.003891,11.1,18.2,5369787754,3111480858
2026-09-10T12:03:35.005370,12.3,18.2,5371147205,3112347210
2026-09-10T12:03:36.006601,11.4,18.2,5372704847,3113284356
2026-09-10T12:03:37.010164,11.7,18.2,5373758298,3113934373
2026-09-10T12:03:38.011671,11.6,18.2,5375031653,3114720929
2026-09-10T12:03:39.013006,11.0,18.2,5376421080,3115584353
2026-09-10T12:03:40.018205,10.2,18.2,5378133741,3116646319
2026-09-10T12:03:41.019576,11.3,18.1,5380079494,3117853983
2026-09-10T12:03:42.021178,12.0,18.1,5381949300,3119014521
2026-09-10T12:03:43.023305,11.6,18.1,5383543971,3120024323
2026-09-10T12:03:44.024534,11.5,18.1,5384910729,3120841855
2026-09-10T12:03:45.030264,12.6,18.2,5386772764,3121993096
2026-09-10T12:03:46.034317,10.6,18.1,5388484876,3123054516
2026-09-10T12:03:47.036373,10.8,18.2,5389862309,3123907444
2026-09-10T12:03:48.038297,11.1,18.1,5390793148,3124482636
2026-09-10T12:03:49.039876,11.1,18.1,5391952722,3125197902
2026-09-10T12:03:50.041329,11.8,18.2,5392649578,3125628094
2026-09-10T12:03:51.051438,12.6,18.1,5393598451,3126214003
2026-09-10T12:03:52.052993,11.7,18.1,5394987044,3127071925
2026-09-10T12:03:53.058351,10.8,18.1,5396324266,3127928118
2026-09-10T12:03:54.059888,11.2,18.1,5397707283,3128780105
2026-09-10T12:03:55.061255,10.2,18.2,5398927747,3129505425
2026-09-10T12:03:56.066774,11.5,18.2,5400556849,3130514072
2026-09-10T12:03:57.069470,11.3,18.2,5401823252,3131300234
2026-09-10T12:03:58.073302,11.1,18.2,5403524178,3132351391
2026-09-10T12:03:59.074818,10.3,18.2,5404585279,3133004597
2026-09-10T12:04:00.076136,9.5,18.2,5406113456,3133947737
2026-09-10T12:04:01.077677,9.5,18.2,5407393535,3134737767
2026-09-10T12:04:02.082451,12.1,18.2,5408644857,3135514516
2026-09-10T12:04:03.083863,11.2,18.2,5409946624,3136316792
2026-09-10T12:04:04.085126,9.3,18.2,5411384408,3137203819
2026-09-10T12:04:05.088123,9.5,18.2,5411459416,3137248761
2026-09-10T12:04:06.089416,8.1,18.2,5411462594,3137251116
2026-09-10T12:04:07.092522,9.2,18.2,5411463038,3137251732
2026-09-10T12:04:08.093976,7.4,18.1,5411465842,3137253265
2026-09-10T12:04:09.098561,7.5,18.2,5411468486,3137254600
2026-09-10T12:04:10.102572,8.8,18.2,5411471130,3137255935
2026-09-10T12:04:11.104017,5.6,18.2,5411473774,3137257270
2026-09-10T12:04:12.105493,7.7,18.2,5411476484,3137258671
2026-09-10T12:04:13.110585,7.6,18.1,5411479128,3137260006
2026-09-10T12:04:14.111858,8.3,18.1,5411481772,3137261341
2026-09-10T12:04:15.113279,7.9,18.2,5411484416,3137262676
2026-09-10T12:04:16.118650,8.8,18.1,5411487258,3137264209
2026-09-10T12:04:17.120571,7.8,18.1,5411489902,3137265544
2026-09-10T12:04:18.122172,8.8,18.1,5411492706,3137267077
2026-09-10T12:04:19.124307,9.5,18.2,5411495416,3137268346
2026-09-10T12:04:20.126687,9.2,18.2,5411498522,3137270143
